student_id,marks,feedback
20409676,0,Error grading submission: 429 Resource has been exhausted (e.g. check quota).
20480891,0,Error grading submission: 429 Resource has been exhausted (e.g. check quota).
20488702,0,Error grading submission: 429 Resource has been exhausted (e.g. check quota).
20505065,0,Error grading submission: 429 Resource has been exhausted (e.g. check quota).
20509169,0,Error grading submission: 429 Resource has been exhausted (e.g. check quota).
20511126,0,Error grading submission: 429 Resource has been exhausted (e.g. check quota).
20573337,0,Error grading submission: 429 Resource has been exhausted (e.g. check quota).
20574289,0,Error grading submission: 429 Resource has been exhausted (e.g. check quota).
20576624,0,Error grading submission: 429 Resource has been exhausted (e.g. check quota).
20577892,0,Error grading submission: 429 Resource has been exhausted (e.g. check quota).
20579147,0,Error grading submission: 429 Resource has been exhausted (e.g. check quota).
20580127,0,Error grading submission: 429 Resource has been exhausted (e.g. check quota).
20581109,0,Error grading submission: 429 Resource has been exhausted (e.g. check quota).
20585127,0,Error grading submission: 429 Resource has been exhausted (e.g. check quota).
20590120,0,Error grading submission: 429 Resource has been exhausted (e.g. check quota).
20590530,0,Error grading submission: 429 Resource has been exhausted (e.g. check quota).
20590531,0,Error grading submission: 429 Resource has been exhausted (e.g. check quota).
20590645,0,Error grading submission: 429 Resource has been exhausted (e.g. check quota).
20590948,0,Error grading submission: 429 Resource has been exhausted (e.g. check quota).
20591632,0,Error grading submission: 429 Resource has been exhausted (e.g. check quota).
20592884,0,Error grading submission: 429 Resource has been exhausted (e.g. check quota).
20593018,0,Error grading submission: 429 Resource has been exhausted (e.g. check quota).
20593212,0,"
Q1.c Assessment:
Missing submission (0 marks)

Q2.c Assessment:
Missing submission (0 marks)

Q3.c Assessment:
Missing submission (0 marks)"
20593889,0,"
Q1.c Assessment:
Missing submission (0 marks)

Q2.c Assessment:
Missing submission (0 marks)

Q3.c Assessment:
Missing submission (0 marks)"
20595032,0,"
Q3.c Assessment:
Error during grading: 500 Exception serializing request! (0 marks)"
20595191,0,"
Q1.c Assessment:
Missing submission (0 marks)

Q2.c Assessment:
Missing submission (0 marks)

Q3.c Assessment:
Missing submission (0 marks)"
20595218,0,"
Q1.c Assessment:
Missing submission (0 marks)

Q2.c Assessment:
Missing submission (0 marks)

Q3.c Assessment:
Missing submission (0 marks)"
20595637,0,"
Q1.c Assessment:
Failed after 3 retries (0 marks)

Q2.c Assessment:
Failed after 3 retries (0 marks)

Q3.c Assessment:
Failed after 3 retries (0 marks)"
20596548,0,"
Q1.c Assessment:
Missing submission (0 marks)

Q2.c Assessment:
Missing submission (0 marks)

Q3.c Assessment:
Missing submission (0 marks)"
20596870,0,"
Q1.c Assessment:
Failed after 3 retries (0 marks)

Q2.c Assessment:
Failed after 3 retries (0 marks)

Q3.c Assessment:
Failed after 3 retries (0 marks)"
20598080,0,"
Q1.c Assessment:
Failed after 3 retries (0 marks)

Q2.c Assessment:
Failed after 3 retries (0 marks)

Q3.c Assessment:
Failed after 3 retries (0 marks)"
20598184,0,"
Q1.c Assessment:
Failed after 3 retries (0 marks)

Q2.c Assessment:
Failed after 3 retries (0 marks)

Q3.c Assessment:
Failed after 3 retries (0 marks)"
